DIA,MODULO,GRADO_GRUPO,DOCENTE,MATERIA
LUNES,13:30-14:20,1°D,GABRIEL MARTÍNEZ MARTÍNEZ,CULT. DIG. I (SALA 1)
MARTES,13:30-14:20,1°D,LAURA AMALINALLI GONZÁLEZ DUARTE,C. SOCIALES I
MIERCOLES,13:30-14:20,1°D,GABRIEL MARTÍNEZ MARTÍNEZ,CULT. DIG. I (SALA 1)
JUEVES,13:30-14:20,1°D,MELINA YAMILETH VICENTE HERNÁNDEZ,INGLÉS I
VIERNES,13:30-14:20,1°D,ABELARDO BARRERA CASTÁN,PENS. MAT. I
LUNES,14:20-15:10,1°D,GABRIEL MARTÍNEZ MARTÍNEZ,CULT. DIG. I (SALA 1)
MARTES,14:20-15:10,1°D,JOSÉ ÁNGEL VIARREAL RAMÍREZ,LENGUA Y COM. I
MIERCOLES,14:20-15:10,1°D,LAURA AMALINALLI GONZÁLEZ DUARTE,C. SOCIALES I
JUEVES,14:20-15:10,1°D,MELINA YAMILETH VICENTE HERNÁNDEZ,INGLÉS I
VIERNES,14:20-15:10,1°D,ABELARDO BARRERA CASTÁN,PENS. MAT. I
LUNES,15:10- 15:30,1°D,SIN ASIGNAR,R        E        C        E       S       O
LUNES,15:30-16:20,1°D,JOSÉ LUIS ORDAZ CARRASCO,CNEYT I
MARTES,15:30-16:20,1°D,MELINA YAMILETH VICENTE HERNÁNDEZ,INGLÉS I
MIERCOLES,15:30-16:20,1°D,JOSÉ LUIS ORDAZ CARRASCO,CNEYT I (L)
JUEVES,15:30-16:20,1°D,GUADALUPE JIMÉNEZ SÁNCHEZ,HUMANIDADES I
VIERNES,15:30-16:20,1°D,JOSÉ ÁNGEL VIARREAL RAMÍREZ,LENGUA Y COM. I
LUNES,16:20-17:10,1°D,JOSÉ LUIS ORDAZ CARRASCO,CNEYT I
MARTES,16:20-17:10,1°D,GUADALUPE JIMÉNEZ SÁNCHEZ,HUMANIDADES I
MIERCOLES,16:20-17:10,1°D,JOSÉ LUIS ORDAZ CARRASCO,CNEYT I (L)
JUEVES,16:20-17:10,1°D,ABELARDO BARRERA CASTÁN,PENS. MAT. I
VIERNES,16:20-17:10,1°D,JOSÉ ÁNGEL VIARREAL RAMÍREZ,LENGUA Y COM. I
LUNES,17:10-18:00,1°D,ABELARDO BARRERA CASTÁN,PENS. MAT. I
MARTES,17:10-18:00,1°D,GUADALUPE JIMÉNEZ SÁNCHEZ,HUMANIDADES I
MIERCOLES,17:10-18:00,1°D,GUADALUPE JIMÉNEZ SÁNCHEZ,HUMANIDADES I
MARTES,18:00-18:50,1°D,MARÍA DE LA PAZ ALVARADO FENTANES,FSE
MARTES,18:50-19:40,1°D,JOSÉ PÉREZ CABRERA,EDUCACIÓN FISICA
MARTES,19:40-20:30,1°D,JOSÉ PÉREZ CABRERA,EDUCACIÓN FISICA
LUNES,13:30-14:20,1°E,JOSÉ LUIS ORDAZ CARRASCO,CNEYT I
MARTES,13:30-14:20,1°E,GABRIEL MARTÍNEZ MARTÍNEZ,CULT. DIG. I (SALA 1)
JUEVES,13:30-14:20,1°E,LAURA AMALINALLI GONZÁLEZ DUARTE,C. SOCIALES I
LUNES,14:20-15:10,1°E,JOSÉ LUIS ORDAZ CARRASCO,CNEYT I
MARTES,14:20-15:10,1°E,GABRIEL MARTÍNEZ MARTÍNEZ,CULT. DIG. I (SALA 1)
MIERCOLES,14:20-15:10,1°E,GABRIEL MARTÍNEZ MARTÍNEZ,CULT. DIG. I (SALA 1)
JUEVES,14:20-15:10,1°E,NESTOR FELIPE JIMÉNEZ,INGLÉS I
VIERNES,14:20-15:10,1°E,LILIANA CÓRDOVA MORGAN,FSE
LUNES,15:10- 15:30,1°E,SIN ASIGNAR,R        E        C        E       S       O
LUNES,15:30-16:20,1°E,GUADALUPE JIMÉNEZ SÁNCHEZ,HUMANIDADES I
MARTES,15:30-16:20,1°E,JOSÉ ÁNGEL VIARREAL RAMÍREZ,LENGUA Y COM. I
MIERCOLES,15:30-16:20,1°E,LAURA AMALINALLI GONZÁLEZ DUARTE,C. SOCIALES I
JUEVES,15:30-16:20,1°E,ABELARDO BARRERA CASTÁN,PENS. MAT. I
VIERNES,15:30-16:20,1°E,GUADALUPE JIMÉNEZ SÁNCHEZ,HUMANIDADES I
LUNES,16:20-17:10,1°E,GUADALUPE JIMÉNEZ SÁNCHEZ,HUMANIDADES I
MARTES,16:20-17:10,1°E,NESTOR FELIPE JIMÉNEZ,INGLÉS I
MIERCOLES,16:20-17:10,1°E,NESTOR FELIPE JIMÉNEZ,INGLÉS I
JUEVES,16:20-17:10,1°E,JOSÉ ÁNGEL VIARREAL RAMÍREZ,LENGUA Y COM. I
VIERNES,16:20-17:10,1°E,GUADALUPE JIMÉNEZ SÁNCHEZ,HUMANIDADES I
MARTES,17:10-18:00,1°E,ABELARDO BARRERA CASTÁN,PENS. MAT. I
MIERCOLES,17:10-18:00,1°E,ABELARDO BARRERA CASTÁN,PENS. MAT. I
JUEVES,17:10-18:00,1°E,JOSÉ ÁNGEL VIARREAL RAMÍREZ,LENGUA Y COM. I
VIERNES,17:10-18:00,1°E,JOSÉ LUIS ORDAZ CARRASCO,CNEYT I (L)
MARTES,18:00-18:50,1°E,ABELARDO BARRERA CASTÁN,PENS. MAT. I
VIERNES,18:00-18:50,1°E,JOSÉ LUIS ORDAZ CARRASCO,CNEYT I (L)
VIERNES,18:50-19:40,1°E,JOSÉ PÉREZ CABRERA,EDUCACIÓN FISICA
VIERNES,19:40-20:30,1°E,JOSÉ PÉREZ CABRERA,EDUCACIÓN FISICA
LUNES,13:30-14:20,1°F,ITZEL HERNÁNDEZ TORRES,C. SOCIALES I
MARTES,13:30-14:20,1°F,JOSÉ LUIS ORDAZ CARRASCO,CNEYT I
MIERCOLES,13:30-14:20,1°F,JOSELINE CABRERA HERRERA,LENGUA Y COM. I
VIERNES,13:30-14:20,1°F,JUANA CARRILLO LORENZO,CULT. DIG. I (SALA 2)
LUNES,14:20-15:10,1°F,ABELARDO BARRERA CASTÁN,PENS. MAT. I
MARTES,14:20-15:10,1°F,JOSÉ LUIS ORDAZ CARRASCO,CNEYT I
MIERCOLES,14:20-15:10,1°F,JOSELINE CABRERA HERRERA,LENGUA Y COM. I
JUEVES,14:20-15:10,1°F,ITZEL HERNÁNDEZ TORRES,C. SOCIALES I
VIERNES,14:20-15:10,1°F,JUANA CARRILLO LORENZO,CULT. DIG. I (SALA 2)
LUNES,15:10- 15:30,1°F,SIN ASIGNAR,R        E        C        E       S       O
LUNES,15:30-16:20,1°F,GISELA MORALES MARTÍNEZ,INGLÉS I
MARTES,15:30-16:20,1°F,GUADALUPE JIMÉNEZ SÁNCHEZ,HUMANIDADES I
MIERCOLES,15:30-16:20,1°F,GUADALUPE JIMÉNEZ SÁNCHEZ,HUMANIDADES I
JUEVES,15:30-16:20,1°F,JOSÉ LUIS ORDAZ CARRASCO,CNEYT I (L)
VIERNES,15:30-16:20,1°F,GISELA MORALES MARTÍNEZ,INGLÉS I
LUNES,16:20-17:10,1°F,GISELA MORALES MARTÍNEZ,INGLÉS I
MARTES,16:20-17:10,1°F,JOSELINE CABRERA HERRERA,LENGUA Y COM. I
MIERCOLES,16:20-17:10,1°F,GUADALUPE JIMÉNEZ SÁNCHEZ,HUMANIDADES I
JUEVES,16:20-17:10,1°F,JOSÉ LUIS ORDAZ CARRASCO,CNEYT I (L)
VIERNES,16:20-17:10,1°F,ABELARDO BARRERA CASTÁN,PENS. MAT. I
JUEVES,17:10-18:00,1°F,JUANA CARRILLO LORENZO,CULT. DIG. I (SALA 2)
VIERNES,17:10-18:00,1°F,ABELARDO BARRERA CASTÁN,PENS. MAT. I
JUEVES,18:00-18:50,1°F,ABELARDO BARRERA CASTÁN,PENS. MAT. I
VIERNES,18:00-18:50,1°F,JOSÉ ÁNGEL VIARREAL RAMÍREZ,FSE
JUEVES,18:50-19:40,1°F,GUADALUPE JIMÉNEZ SÁNCHEZ,HUMANIDADES I
VIERNES,18:50-19:40,1°F,JOSÉ PÉREZ CABRERA,EDUCACIÓN FISICA
VIERNES,19:40-20:30,1°F,JOSÉ PÉREZ CABRERA,EDUCACIÓN FISICA
MARTES,13:30-14:20,1°I,JOSÉ ANTONIO PÉREZ PASTRANA,PENS. MAT. I
MIERCOLES,13:30-14:20,1°I,GUADALUPE JIMÉNEZ SÁNCHEZ,HUMANIDADES I
JUEVES,13:30-14:20,1°I,JOSÉ ANTONIO PÉREZ PASTRANA,PENS. MAT. I
VIERNES,13:30-14:20,1°I,GUADALUPE JIMÉNEZ SÁNCHEZ,HUMANIDADES I
LUNES,14:20-15:10,1°I,ITZEL HERNÁNDEZ TORRES,C. SOCIALES I
MARTES,14:20-15:10,1°I,JOSÉ ANTONIO PÉREZ PASTRANA,PENS. MAT. I
MIERCOLES,14:20-15:10,1°I,GUADALUPE JIMÉNEZ SÁNCHEZ,HUMANIDADES I
JUEVES,14:20-15:10,1°I,JOSÉ ANTONIO PÉREZ PASTRANA,PENS. MAT. I
VIERNES,14:20-15:10,1°I,GUADALUPE JIMÉNEZ SÁNCHEZ,HUMANIDADES I
LUNES,15:10- 15:30,1°I,SIN ASIGNAR,R        E        C        E       S       O
LUNES,15:30-16:20,1°I,DRA ESTELA CUENCA ÁLVAREZ,CULT. DIG. I (SALA 1)
MARTES,15:30-16:20,1°I,JOSÉ LUIS ORDAZ CARRASCO,CNEYT I
MIERCOLES,15:30-16:20,1°I,JOSÉ ÁNGEL VIARREAL RAMÍREZ,LENGUA Y COM. I
JUEVES,15:30-16:20,1°I,MARIELA JIMÉNEZ DESALES,FSE
VIERNES,15:30-16:20,1°I,JOSÉ LUIS ORDAZ CARRASCO,CNEYT I (L)
LUNES,16:20-17:10,1°I,DRA ESTELA CUENCA ÁLVAREZ,CULT. DIG. I (SALA 1)
MARTES,16:20-17:10,1°I,JOSÉ LUIS ORDAZ CARRASCO,CNEYT I
MIERCOLES,16:20-17:10,1°I,JOSÉ ÁNGEL VIARREAL RAMÍREZ,LENGUA Y COM. I
JUEVES,16:20-17:10,1°I,DRA ESTELA CUENCA ÁLVAREZ,CULT. DIG. I (SALA 1)
VIERNES,16:20-17:10,1°I,JOSÉ LUIS ORDAZ CARRASCO,CNEYT I (L)
LUNES,17:10-18:00,1°I,GISELA MORALES MARTÍNEZ,INGLÉS I
MARTES,17:10-18:00,1°I,GISELA MORALES MARTÍNEZ,INGLÉS I
MIERCOLES,17:10-18:00,1°I,GISELA MORALES MARTÍNEZ,INGLÉS I
JUEVES,17:10-18:00,1°I,ITZEL HERNÁNDEZ TORRES,C. SOCIALES I
MARTES,18:00-18:50,1°I,JOSÉ ÁNGEL VIARREAL RAMÍREZ,LENGUA Y COM. I
MARTES,18:50-19:40,1°I,JOSÉ PÉREZ CABRERA,EDUCACIÓN FISICA
MARTES,19:40-20:30,1°I,JOSÉ PÉREZ CABRERA,EDUCACIÓN FISICA
LUNES,13:30-14:20,1°J,ALDO JAVIER RODRÍGUEZ JUÁREZ,PENS. MAT. I
MARTES,13:30-14:20,1°J,GUADALUPE JIMÉNEZ SÁNCHEZ,HUMANIDADES I
MIERCOLES,13:30-14:20,1°J,ALDO JAVIER RODRÍGUEZ JUÁREZ,PENS. MAT. I
JUEVES,13:30-14:20,1°J,JOSÉ LUIS ORDAZ CARRASCO,CNEYT I (L)
LUNES,14:20-15:10,1°J,ALDO JAVIER RODRÍGUEZ JUÁREZ,PENS. MAT. I
MARTES,14:20-15:10,1°J,ITZEL HERNÁNDEZ TORRES,C. SOCIALES I
MIERCOLES,14:20-15:10,1°J,ALDO JAVIER RODRÍGUEZ JUÁREZ,PENS. MAT. I
JUEVES,14:20-15:10,1°J,JOSÉ LUIS ORDAZ CARRASCO,CNEYT I (L)
LUNES,15:10- 15:30,1°J,SIN ASIGNAR,R        E        C        E       S       O
LUNES,15:30-16:20,1°J,JOSELINE CABRERA HERRERA,LENGUA Y COM. I
MARTES,15:30-16:20,1°J,DRA ESTELA CUENCA ÁLVAREZ,CULT. DIG. I (SALA 1)
MIERCOLES,15:30-16:20,1°J,DRA ESTELA CUENCA ÁLVAREZ,CULT. DIG. I (SALA 1)
JUEVES,15:30-16:20,1°J,DRA INOCENCIA JESÚS CONTRERAS GUTIÉRREZ,FSE
LUNES,16:20-17:10,1°J,JOSELINE CABRERA HERRERA,LENGUA Y COM. I
MARTES,16:20-17:10,1°J,DRA ESTELA CUENCA ÁLVAREZ,CULT. DIG. I (SALA 1)
MIERCOLES,16:20-17:10,1°J,ITZEL HERNÁNDEZ TORRES,C. SOCIALES I
JUEVES,16:20-17:10,1°J,GUADALUPE JIMÉNEZ SÁNCHEZ,HUMANIDADES I
LUNES,17:10-18:00,1°J,GUADALUPE JIMÉNEZ SÁNCHEZ,HUMANIDADES I
MARTES,17:10-18:00,1°J,JOSÉ LUIS ORDAZ CARRASCO,CNEYT I
MIERCOLES,17:10-18:00,1°J,OLIVER ROBERTO SÁNCHEZ TRUJILLO,INGLÉS I
JUEVES,17:10-18:00,1°J,GUADALUPE JIMÉNEZ SÁNCHEZ,HUMANIDADES I
LUNES,18:00-18:50,1°J,OLIVER ROBERTO SÁNCHEZ TRUJILLO,INGLÉS I
MARTES,18:00-18:50,1°J,JOSÉ LUIS ORDAZ CARRASCO,CNEYT I
MIERCOLES,18:00-18:50,1°J,OLIVER ROBERTO SÁNCHEZ TRUJILLO,INGLÉS I
MARTES,18:50-19:40,1°J,JOSELINE CABRERA HERRERA,LENGUA Y COM. I
MIERCOLES,18:50-19:40,1°J,JOSÉ PÉREZ CABRERA,EDUCACIÓN FISICA
MIERCOLES,19:40- 20:30,1°J,JOSÉ PÉREZ CABRERA,EDUCACIÓN FISICA
MIERCOLES,13:30-14:20,1°N,JOSÉ LUIS ORDAZ CARRASCO,CNEYT I (L)
MIERCOLES,14:20-15:10,1°N,JOSÉ LUIS ORDAZ CARRASCO,CNEYT I (L)
LUNES,15:10- 15:30,1°N,SIN ASIGNAR,R        E        C        E       S       O
LUNES,15:30-16:20,1°N,JUANA CARRILLO LORENZO,CULT. DIG. I (SALA 2)
MARTES,15:30-16:20,1°N,OLIVER ROBERTO SÁNCHEZ TRUJILLO,INGLÉS I
MIERCOLES,15:30-16:20,1°N,ALDO JAVIER RODRÍGUEZ JUÁREZ,PENS. MAT. I
JUEVES,15:30-16:20,1°N,JOSÉ ÁNGEL VIARREAL RAMÍREZ,LENGUA Y COM. I
VIERNES,15:30-16:20,1°N,ALDO JAVIER RODRÍGUEZ JUÁREZ,PENS. MAT. I
LUNES,16:20-17:10,1°N,JUANA CARRILLO LORENZO,CULT. DIG. I (SALA 2)
MARTES,16:20-17:10,1°N,ITZEL HERNÁNDEZ TORRES,C. SOCIALES I
MIERCOLES,16:20-17:10,1°N,ALDO JAVIER RODRÍGUEZ JUÁREZ,PENS. MAT. I
JUEVES,16:20-17:10,1°N,ITZEL HERNÁNDEZ TORRES,C. SOCIALES I
VIERNES,16:20-17:10,1°N,ALDO JAVIER RODRÍGUEZ JUÁREZ,PENS. MAT. I
LUNES,17:10-18:00,1°N,JOSÉ LUIS ORDAZ CARRASCO,CNEYT I
MARTES,17:10-18:00,1°N,JOSÉ ÁNGEL VIARREAL RAMÍREZ,LENGUA Y COM. I
MIERCOLES,17:10-18:00,1°N,JUANA CARRILLO LORENZO,FSE
JUEVES,17:10-18:00,1°N,OLIVER ROBERTO SÁNCHEZ TRUJILLO,INGLÉS I
VIERNES,17:10-18:00,1°N,JUANA CARRILLO LORENZO,CULT. DIG. I (SALA 2)
LUNES,18:00-18:50,1°N,JOSÉ LUIS ORDAZ CARRASCO,CNEYT I
MARTES,18:00-18:50,1°N,GUADALUPE JIMÉNEZ SÁNCHEZ,HUMANIDADES I
MIERCOLES,18:00-18:50,1°N,GUADALUPE JIMÉNEZ SÁNCHEZ,HUMANIDADES I
JUEVES,18:00-18:50,1°N,OLIVER ROBERTO SÁNCHEZ TRUJILLO,INGLÉS I
VIERNES,18:00-18:50,1°N,GUADALUPE JIMÉNEZ SÁNCHEZ,HUMANIDADES I
MARTES,18:50-19:40,1°N,GUADALUPE JIMÉNEZ SÁNCHEZ,HUMANIDADES I
MIERCOLES,18:50-19:40,1°N,JOSÉ ÁNGEL VIARREAL RAMÍREZ,LENGUA Y COM. I
JUEVES,18:50-19:40,1°N,JOSÉ PÉREZ CABRERA,EDUCACIÓN FISICA
JUEVES,19:40- 20:30,1°N,JOSÉ PÉREZ CABRERA,EDUCACIÓN FISICA
LUNES,13:30-14:20,1°O,GUADALUPE JIMÉNEZ SÁNCHEZ,HUMANIDADES I
JUEVES,13:30-14:20,1°O,GUADALUPE JIMÉNEZ SÁNCHEZ,HUMANIDADES I
VIERNES,13:30-14:20,1°O,JOSÉ ÁNGEL VIARREAL RAMÍREZ,LENGUA Y COM. I
LUNES,14:20-15:10,1°O,GUADALUPE JIMÉNEZ SÁNCHEZ,HUMANIDADES I
MARTES,14:20-15:10,1°O,GUADALUPE JIMÉNEZ SÁNCHEZ,HUMANIDADES I
JUEVES,14:20-15:10,1°O,JOSÉ ÁNGEL VIARREAL RAMÍREZ,LENGUA Y COM. I
VIERNES,14:20-15:10,1°O,JOSÉ ÁNGEL VIARREAL RAMÍREZ,LENGUA Y COM. I
LUNES,15:10- 15:30,1°O,SIN ASIGNAR,R        E        C        E       S       O
LUNES,15:30-16:20,1°O,OLIVER ROBERTO SÁNCHEZ TRUJILLO,INGLÉS I
MARTES,15:30-16:20,1°O,ALDO JAVIER RODRÍGUEZ JUÁREZ,PENS. MAT. I
MIERCOLES,15:30-16:20,1°O,JUANA CARRILLO LORENZO,CULT. DIG. I (SALA 2)
JUEVES,15:30-16:20,1°O,ALDO JAVIER RODRÍGUEZ JUÁREZ,PENS. MAT. I
VIERNES,15:30-16:20,1°O,OLIVER ROBERTO SÁNCHEZ TRUJILLO,INGLÉS I
LUNES,16:20-17:10,1°O,OLIVER ROBERTO SÁNCHEZ TRUJILLO,INGLÉS I
MARTES,16:20-17:10,1°O,ALDO JAVIER RODRÍGUEZ JUÁREZ,PENS. MAT. I
MIERCOLES,16:20-17:10,1°O,JUANA CARRILLO LORENZO,CULT. DIG. I (SALA 2)
JUEVES,16:20-17:10,1°O,ALDO JAVIER RODRÍGUEZ JUÁREZ,PENS. MAT. I
VIERNES,16:20-17:10,1°O,ITZEL HERNÁNDEZ TORRES,C. SOCIALES I
LUNES,17:10-18:00,1°O,JUANA CARRILLO LORENZO,CULT. DIG. I (SALA 2)
MARTES,17:10-18:00,1°O,ITZEL HERNÁNDEZ TORRES,C. SOCIALES I
MIERCOLES,17:10-18:00,1°O,JOSÉ LUIS ORDAZ CARRASCO,CNEYT I
JUEVES,17:10-18:00,1°O,JOSÉ LUIS ORDAZ CARRASCO,CNEYT I (L)
VIERNES,17:10-18:00,1°O,FIDEL SANTIAGO LÓPEZ,FSE
MIERCOLES,18:00-18:50,1°O,JOSÉ LUIS ORDAZ CARRASCO,CNEYT I
JUEVES,18:00-18:50,1°O,JOSÉ LUIS ORDAZ CARRASCO,CNEYT I (L)
JUEVES,18:50-19:40,1°O,JOSÉ PÉREZ CABRERA,EDUCACIÓN FISICA
JUEVES,19:40- 20:30,1°O,JOSÉ PÉREZ CABRERA,EDUCACIÓN FISICA
LUNES,13:30-14:20,1°Q,JOSÉ ÁNGEL VIARREAL RAMÍREZ,LENGUA Y COM. I
MIERCOLES,13:30-14:20,1°Q,MARIANA PÉREZ JOACHIN,HUMANIDADES I
JUEVES,13:30-14:20,1°Q,MARIANA PÉREZ JOACHIN,HUMANIDADES I
VIERNES,13:30-14:20,1°Q,ELDA JULIA MORALES GAONA,CULT. DIG. I (SALA 1)
LUNES,14:20-15:10,1°Q,JOSÉ ÁNGEL VIARREAL RAMÍREZ,LENGUA Y COM. I
MIERCOLES,14:20-15:10,1°Q,ELDA JULIA MORALES GAONA,CULT. DIG. I
JUEVES,14:20-15:10,1°Q,MARIANA PÉREZ JOACHIN,HUMANIDADES I
VIERNES,14:20-15:10,1°Q,ELDA JULIA MORALES GAONA,CULT. DIG. I (SALA 1)
LUNES,15:10- 15:30,1°Q,SIN ASIGNAR,R        E        C        E       S       O
LUNES,15:30-16:20,1°Q,ABELARDO BARRERA CASTÁN,PENS. MAT. I
MARTES,15:30-16:20,1°Q,MARIANA PÉREZ JOACHIN,HUMANIDADES I
MIERCOLES,15:30-16:20,1°Q,ABELARDO BARRERA CASTÁN,PENS. MAT. I
JUEVES,15:30-16:20,1°Q,ITZEL HERNÁNDEZ TORRES,C. SOCIALES I
VIERNES,15:30-16:20,1°Q,ITZEL HERNÁNDEZ TORRES,C. SOCIALES I
LUNES,16:20-17:10,1°Q,ABELARDO BARRERA CASTÁN,PENS. MAT. I
MARTES,16:20-17:10,1°Q,MARIELA JIMÉNEZ DESALES,CNEYT I (L)
MIERCOLES,16:20-17:10,1°Q,ABELARDO BARRERA CASTÁN,PENS. MAT. I
JUEVES,16:20-17:10,1°Q,MARIELA JIMÉNEZ DESALES,CNEYT I
VIERNES,16:20-17:10,1°Q,OLIVER ROBERTO SÁNCHEZ TRUJILLO,INGLÉS I
MARTES,17:10-18:00,1°Q,MARIELA JIMÉNEZ DESALES,CNEYT I (L)
MIERCOLES,17:10-18:00,1°Q,JOSÉ ÁNGEL VIARREAL RAMÍREZ,FSE
JUEVES,17:10-18:00,1°Q,MARIELA JIMÉNEZ DESALES,CNEYT I
VIERNES,17:10-18:00,1°Q,OLIVER ROBERTO SÁNCHEZ TRUJILLO,INGLÉS I
MARTES,18:00-18:50,1°Q,OLIVER ROBERTO SÁNCHEZ TRUJILLO,INGLÉS I
MIERCOLES,18:00-18:50,1°Q,JOSÉ ÁNGEL VIARREAL RAMÍREZ,LENGUA Y COM. I
MIERCOLES,18:50-19:40,1°Q,JOSÉ PÉREZ CABRERA,EDUCACIÓN FISICA
MIERCOLES,19:40- 20:30,1°Q,JOSÉ PÉREZ CABRERA,EDUCACIÓN FISICA
MARTES,13:30-14:20,1°R,MARIA EUGENIA ROMAY CASTILLO,CNEYT I (L)
MIERCOLES,13:30-14:20,1°R,MARIA EUGENIA ROMAY CASTILLO,CNEYT I
JUEVES,13:30-14:20,1°R,MARIA EUGENIA ROMAY CASTILLO,CULT. DIG. I (SALA 1)
VIERNES,13:30-14:20,1°R,MARIA EUGENIA ROMAY CASTILLO,PENS. MAT. I
LUNES,14:20-15:10,1°R,MARIA EUGENIA ROMAY CASTILLO,FSE
MARTES,14:20-15:10,1°R,MARIA EUGENIA ROMAY CASTILLO,CNEYT I (L)
MIERCOLES,14:20-15:10,1°R,MARIA EUGENIA ROMAY CASTILLO,CNEYT I
JUEVES,14:20-15:10,1°R,MARIA EUGENIA ROMAY CASTILLO,CULT. DIG. I (SALA 1)
VIERNES,14:20-15:10,1°R,MARIA EUGENIA ROMAY CASTILLO,PENS. MAT. I
LUNES,15:10- 15:30,1°R,SIN ASIGNAR,R        E        C        E       S       O
LUNES,15:30-16:20,1°R,MARIA EUGENIA ROMAY CASTILLO,PENS. MAT. I
MARTES,15:30-16:20,1°R,CARMEN IVONE RAMOS SUÁREZ,LENGUA Y COM. I
MIERCOLES,15:30-16:20,1°R,MARIANA PÉREZ JOACHIN,HUMANIDADES I
JUEVES,15:30-16:20,1°R,MARIANA PÉREZ JOACHIN,HUMANIDADES I
VIERNES,15:30-16:20,1°R,CARMEN IVONE RAMOS SUÁREZ,LENGUA Y COM. I
LUNES,16:20-17:10,1°R,MARIA EUGENIA ROMAY CASTILLO,PENS. MAT. I
MARTES,16:20-17:10,1°R,MARIANA PÉREZ JOACHIN,HUMANIDADES I
MIERCOLES,16:20-17:10,1°R,MARIA EUGENIA ROMAY CASTILLO,CULT. DIG. I (SALA 1)
JUEVES,16:20-17:10,1°R,MARIANA PÉREZ JOACHIN,HUMANIDADES I
VIERNES,16:20-17:10,1°R,CARMEN IVONE RAMOS SUÁREZ,LENGUA Y COM. I
LUNES,17:10-18:00,1°R,LAURA AMALINALLI GONZÁLEZ DUARTE,C. SOCIALES I
MARTES,17:10-18:00,1°R,MARIANA CAVAZOS EDDY,INGLÉS I
MIERCOLES,17:10-18:00,1°R,MARIANA CAVAZOS EDDY,INGLÉS I
JUEVES,17:10-18:00,1°R,MARIANA CAVAZOS EDDY,INGLÉS I
LUNES,18:00-18:50,1°R,LAURA AMALINALLI GONZÁLEZ DUARTE,C. SOCIALES I
LUNES,18:50-19:40,1°R,JOSÉ PÉREZ CABRERA,EDUCACIÓN FISICA
LUNES,19:40- 20:30,1°R,JOSÉ PÉREZ CABRERA,EDUCACIÓN FISICA
LUNES,13:30-14:20,3°D,CARMEN IVONE RAMOS SUÁREZ,LENGUA Y COM. III
MARTES,13:30-14:20,3°D,DAVID HERNÁNDEZ SEGOVIA,MOD II SUB II
MIERCOLES,13:30-14:20,3°D,DAVID HERNÁNDEZ SEGOVIA,MOD II SUB II
JUEVES,13:30-14:20,3°D,MARIELA JIMÉNEZ DESALES,CNEYT III
VIERNES,13:30-14:20,3°D,MARIELA JIMÉNEZ DESALES,CNEYT III
LUNES,14:20-15:10,3°D,CARMEN IVONE RAMOS SUÁREZ,LENGUA Y COM. III
MARTES,14:20-15:10,3°D,DAVID HERNÁNDEZ SEGOVIA,MOD II SUB II
MIERCOLES,14:20-15:10,3°D,DAVID HERNÁNDEZ SEGOVIA,MOD II SUB II
JUEVES,14:20-15:10,3°D,CARMEN IVONE RAMOS SUÁREZ,LENGUA Y COM. III
VIERNES,14:20-15:10,3°D,MARIELA JIMÉNEZ DESALES,CNEYT III
LUNES,15:10- 15:30,3°D,SIN ASIGNAR,R        E        C        E       S       O
LUNES,15:30-16:20,3°D,DAVID HERNÁNDEZ SEGOVIA,MOD II SUB II
MARTES,15:30-16:20,3°D,MARIELA JIMÉNEZ DESALES,CNEYT III
MIERCOLES,15:30-16:20,3°D,CECILIA ALEJANDRA MARTÍNEZ OLMOS,INGLÉS III
JUEVES,15:30-16:20,3°D,DAVID HERNÁNDEZ SEGOVIA,MOD II SUB II
VIERNES,15:30-16:20,3°D,DAVID HERNÁNDEZ SEGOVIA,MOD II SUB II
LUNES,16:20-17:10,3°D,LILIANA CÓRDOVA MORGAN,HUMANIDADES II
MARTES,16:20-17:10,3°D,LIZBETH HERNÁNDEZ MACEDO,MOD II SUB I
MIERCOLES,16:20-17:10,3°D,LILIANA CÓRDOVA MORGAN,HUMANIDADES II
JUEVES,16:20-17:10,3°D,LIZBETH HERNÁNDEZ MACEDO,FSE
VIERNES,16:20-17:10,3°D,LILIANA CÓRDOVA MORGAN,HUMANIDADES II
LUNES,17:10-18:00,3°D,LIZBETH HERNÁNDEZ MACEDO,MOD II SUB I
MARTES,17:10-18:00,3°D,LIZBETH HERNÁNDEZ MACEDO,MOD II SUB I
MIERCOLES,17:10-18:00,3°D,LIZBETH HERNÁNDEZ MACEDO,MOD II SUB I
JUEVES,17:10-18:00,3°D,LIZBETH HERNÁNDEZ MACEDO,MOD II SUB I
VIERNES,17:10-18:00,3°D,LIZBETH HERNÁNDEZ MACEDO,MOD II SUB I
LUNES,18:00-18:50,3°D,LIZBETH HERNÁNDEZ MACEDO,MOD II SUB I
MARTES,18:00-18:50,3°D,CECILIA ALEJANDRA MARTÍNEZ OLMOS,INGLÉS III
MIERCOLES,18:00-18:50,3°D,ABELARDO BARRERA CASTÁN,PENS. MAT. III
JUEVES,18:00-18:50,3°D,CECILIA ALEJANDRA MARTÍNEZ OLMOS,INGLÉS III
VIERNES,18:00-18:50,3°D,LIZBETH HERNÁNDEZ MACEDO,MOD II SUB I
LUNES,18:50-19:40,3°D,LILIANA CÓRDOVA MORGAN,HUMANIDADES II
MARTES,18:50-19:40,3°D,ABELARDO BARRERA CASTÁN,PENS. MAT. III
MIERCOLES,18:50-19:40,3°D,ABELARDO BARRERA CASTÁN,PENS. MAT. III
MARTES,19:40-20:30,3°D,ABELARDO BARRERA CASTÁN,PENS. MAT. III
LUNES,13:30-14:20,3°E,DAVID HERNÁNDEZ SEGOVIA,MOD II SUB II
MARTES,13:30-14:20,3°E,CARMEN IVONE RAMOS SUÁREZ,LENGUA Y COM. III
MIERCOLES,13:30-14:20,3°E,MARIELA JIMÉNEZ DESALES,CNEYT III
JUEVES,13:30-14:20,3°E,DAVID HERNÁNDEZ SEGOVIA,MOD II SUB II
VIERNES,13:30-14:20,3°E,DAVID HERNÁNDEZ SEGOVIA,MOD II SUB II
LUNES,14:20-15:10,3°E,DAVID HERNÁNDEZ SEGOVIA,MOD II SUB II
MARTES,14:20-15:10,3°E,CARMEN IVONE RAMOS SUÁREZ,LENGUA Y COM. III
MIERCOLES,14:20-15:10,3°E,MARIELA JIMÉNEZ DESALES,CNEYT III
JUEVES,14:20-15:10,3°E,DAVID HERNÁNDEZ SEGOVIA,MOD II SUB II
VIERNES,14:20-15:10,3°E,DAVID HERNÁNDEZ SEGOVIA,MOD II SUB II
LUNES,15:10- 15:30,3°E,SIN ASIGNAR,R        E        C        E       S       O
LUNES,15:30-16:20,3°E,MARIELA JIMÉNEZ DESALES,CNEYT III
MARTES,15:30-16:20,3°E,ABELARDO BARRERA CASTÁN,PENS. MAT. III
MIERCOLES,15:30-16:20,3°E,DAVID HERNÁNDEZ SEGOVIA,MOD II SUB II
JUEVES,15:30-16:20,3°E,CARMEN IVONE RAMOS SUÁREZ,LENGUA Y COM. III
VIERNES,15:30-16:20,3°E,ABELARDO BARRERA CASTÁN,PENS. MAT. III
LUNES,16:20-17:10,3°E,MARIELA JIMÉNEZ DESALES,CNEYT III
MARTES,16:20-17:10,3°E,ABELARDO BARRERA CASTÁN,PENS. MAT. III
MIERCOLES,16:20-17:10,3°E,LIZBETH HERNÁNDEZ MACEDO,FSE
JUEVES,16:20-17:10,3°E,LILIANA CÓRDOVA MORGAN,HUMANIDADES II
VIERNES,16:20-17:10,3°E,LIZBETH HERNÁNDEZ MACEDO,MOD II SUB I
LUNES,17:10-18:00,3°E,CECILIA ALEJANDRA MARTÍNEZ OLMOS,INGLÉS III
MARTES,17:10-18:00,3°E,CECILIA ALEJANDRA MARTÍNEZ OLMOS,INGLÉS III
MIERCOLES,17:10-18:00,3°E,CECILIA ALEJANDRA MARTÍNEZ OLMOS,INGLÉS III
JUEVES,17:10-18:00,3°E,ABELARDO BARRERA CASTÁN,PENS. MAT. III
VIERNES,17:10-18:00,3°E,LILIANA CÓRDOVA MORGAN,HUMANIDADES II
LUNES,18:00-18:50,3°E,LILIANA CÓRDOVA MORGAN,HUMANIDADES II
MARTES,18:00-18:50,3°E,LIZBETH HERNÁNDEZ MACEDO,MOD II SUB I
MIERCOLES,18:00-18:50,3°E,LIZBETH HERNÁNDEZ MACEDO,MOD II SUB I
JUEVES,18:00-18:50,3°E,LIZBETH HERNÁNDEZ MACEDO,MOD II SUB I
VIERNES,18:00-18:50,3°E,LILIANA CÓRDOVA MORGAN,HUMANIDADES II
LUNES,18:50-19:40,3°E,LIZBETH HERNÁNDEZ MACEDO,MOD II SUB I
MARTES,18:50-19:40,3°E,LIZBETH HERNÁNDEZ MACEDO,MOD II SUB I
MIERCOLES,18:50-19:40,3°E,LIZBETH HERNÁNDEZ MACEDO,MOD II SUB I
JUEVES,18:50-19:40,3°E,LIZBETH HERNÁNDEZ MACEDO,MOD II SUB I
LUNES,13:30-14:20,3°F,MARIELA JIMÉNEZ DESALES,CNEYT III
MARTES,13:30-14:20,3°F,ABELARDO BARRERA CASTÁN,PENS. MAT. III
MIERCOLES,13:30-14:20,3°F,ABELARDO BARRERA CASTÁN,FSE
JUEVES,13:30-14:20,3°F,CARMEN IVONE RAMOS SUÁREZ,LENGUA Y COM. III
VIERNES,13:30-14:20,3°F,HEYDI RAMOS TAMAYO,MOD II SUB III
LUNES,14:20-15:10,3°F,MARIELA JIMÉNEZ DESALES,CNEYT III
MARTES,14:20-15:10,3°F,MARIELA JIMÉNEZ DESALES,CNEYT III
MIERCOLES,14:20-15:10,3°F,CARMEN IVONE RAMOS SUÁREZ,LENGUA Y COM. III
JUEVES,14:20-15:10,3°F,HEYDI RAMOS TAMAYO,MOD II SUB II
VIERNES,14:20-15:10,3°F,CARMEN IVONE RAMOS SUÁREZ,LENGUA Y COM. III
LUNES,15:10- 15:30,3°F,SIN ASIGNAR,R        E        C        E       S       O
LUNES,15:30-16:20,3°F,LILIANA CÓRDOVA MORGAN,HUMANIDADES II
MARTES,15:30-16:20,3°F,LILIANA CÓRDOVA MORGAN,HUMANIDADES II
MIERCOLES,15:30-16:20,3°F,HEYDI RAMOS TAMAYO,MOD II SUB II
JUEVES,15:30-16:20,3°F,HEYDI RAMOS TAMAYO,MOD II SUB III
VIERNES,15:30-16:20,3°F,HEYDI RAMOS TAMAYO,MOD II SUB I
LUNES,16:20-17:10,3°F,HEYDI RAMOS TAMAYO,MOD II SUB III
MARTES,16:20-17:10,3°F,LILIANA CÓRDOVA MORGAN,HUMANIDADES II
MIERCOLES,16:20-17:10,3°F,HEYDI RAMOS TAMAYO,MOD II SUB II
JUEVES,16:20-17:10,3°F,HEYDI RAMOS TAMAYO,MOD II SUB III
VIERNES,16:20-17:10,3°F,HEYDI RAMOS TAMAYO,MOD II SUB I
LUNES,17:10-18:00,3°F,HEYDI RAMOS TAMAYO,MOD II SUB I
MARTES,17:10-18:00,3°F,HEYDI RAMOS TAMAYO,MOD II SUB I
MIERCOLES,17:10-18:00,3°F,MARIELA JIMÉNEZ DESALES,CNEYT III
JUEVES,17:10-18:00,3°F,CECILIA ALEJANDRA MARTÍNEZ OLMOS,INGLÉS III
VIERNES,17:10-18:00,3°F,CECILIA ALEJANDRA MARTÍNEZ OLMOS,INGLÉS III
LUNES,18:00-18:50,3°F,HEYDI RAMOS TAMAYO,MOD II SUB I
MARTES,18:00-18:50,3°F,HEYDI RAMOS TAMAYO,MOD II SUB II
MIERCOLES,18:00-18:50,3°F,HEYDI RAMOS TAMAYO,MOD II SUB III
JUEVES,18:00-18:50,3°F,LILIANA CÓRDOVA MORGAN,HUMANIDADES II
VIERNES,18:00-18:50,3°F,CECILIA ALEJANDRA MARTÍNEZ OLMOS,INGLÉS III
LUNES,18:50-19:40,3°F,ABELARDO BARRERA CASTÁN,PENS. MAT. III
MARTES,18:50-19:40,3°F,HEYDI RAMOS TAMAYO,MOD II SUB II
JUEVES,18:50-19:40,3°F,ABELARDO BARRERA CASTÁN,PENS. MAT. III
VIERNES,18:50-19:40,3°F,ABELARDO BARRERA CASTÁN,PENS. MAT. III
LUNES,13:30-14:20,3°I,MÓNICA GEORGINA COLIN SILVA,MOD II SUB II (T)
MARTES,13:30-14:20,3°I,SERGIO ARANDA PÉREZ,PENS. MAT. III
MIERCOLES,13:30-14:20,3°I,MARIELA JIMÉNEZ SANTANDER,HUMANIDADES II
JUEVES,13:30-14:20,3°I,CHRISTIAN MAURICIO FLORES HERNÁNDEZ,INGLÉS III
VIERNES,13:30-14:20,3°I,MÓNICA GEORGINA COLIN SILVA,MOD II SUB II
LUNES,14:20-15:10,3°I,MÓNICA GEORGINA COLIN SILVA,MOD II SUB II (T)
MARTES,14:20-15:10,3°I,SERGIO ARANDA PÉREZ,PENS. MAT. III
MIERCOLES,14:20-15:10,3°I,MARIELA JIMÉNEZ SANTANDER,HUMANIDADES II
JUEVES,14:20-15:10,3°I,MARIELA JIMÉNEZ DESALES,CNEYT III
VIERNES,14:20-15:10,3°I,MÓNICA GEORGINA COLIN SILVA,MOD II SUB II
LUNES,15:10- 15:30,3°I,SIN ASIGNAR,R        E        C        E       S       O
LUNES,15:30-16:20,3°I,MÓNICA GEORGINA COLIN SILVA,MOD II SUB III(T)
MARTES,15:30-16:20,3°I,MÓNICA GEORGINA COLIN SILVA,MOD II SUB III(T)
MIERCOLES,15:30-16:20,3°I,MARIELA JIMÉNEZ DESALES,CNEYT III
JUEVES,15:30-16:20,3°I,MÓNICA GEORGINA COLIN SILVA,MOD II SUB III
VIERNES,15:30-16:20,3°I,SERGIO ARANDA PÉREZ,PENS. MAT. III
LUNES,16:20-17:10,3°I,MÓNICA GEORGINA COLIN SILVA,MOD II SUB III(T)
MARTES,16:20-17:10,3°I,MÓNICA GEORGINA COLIN SILVA,MOD II SUB III(T)
MIERCOLES,16:20-17:10,3°I,MARIELA JIMÉNEZ DESALES,CNEYT III
JUEVES,16:20-17:10,3°I,MÓNICA GEORGINA COLIN SILVA,MOD II SUB III
VIERNES,16:20-17:10,3°I,SERGIO ARANDA PÉREZ,PENS. MAT. III
LUNES,17:10-18:00,3°I,MARIELA JIMÉNEZ DESALES,CNEYT III
MARTES,17:10-18:00,3°I,CLAUDIA ELENA AZOTLA DEHESA,MOD II SUB I
MIERCOLES,17:10-18:00,3°I,MÓNICA GEORGINA COLIN SILVA,MOD II SUB II (T)
JUEVES,17:10-18:00,3°I,MARIELA JIMÉNEZ SANTANDER,HUMANIDADES II
VIERNES,17:10-18:00,3°I,CLAUDIA ELENA AZOTLA DEHESA,MOD II SUB I
LUNES,18:00-18:50,3°I,MARIELA JIMÉNEZ SANTANDER,HUMANIDADES II
MARTES,18:00-18:50,3°I,CARMEN IVONE RAMOS SUÁREZ,LENGUA Y COM. III
MIERCOLES,18:00-18:50,3°I,MÓNICA GEORGINA COLIN SILVA,MOD II SUB II (T)
JUEVES,18:00-18:50,3°I,CARMEN IVONE RAMOS SUÁREZ,LENGUA Y COM. III
VIERNES,18:00-18:50,3°I,CLAUDIA ELENA AZOTLA DEHESA,MOD II SUB I
LUNES,18:50-19:40,3°I,CHRISTIAN MAURICIO FLORES HERNÁNDEZ,INGLÉS III
MIERCOLES,18:50-19:40,3°I,OLIVER ROBERTO SÁNCHEZ TRUJILLO,FSE
JUEVES,18:50-19:40,3°I,CARMEN IVONE RAMOS SUÁREZ,LENGUA Y COM. III
LUNES,19:40-20:30,3°I,CHRISTIAN MAURICIO FLORES HERNÁNDEZ,INGLÉS III
MIERCOLES,19:40-20:30,3°I,CLAUDIA ELENA AZOTLA DEHESA,MOD II SUB I
JUEVES,19:40-20:30,3°I,CLAUDIA ELENA AZOTLA DEHESA,MOD II SUB I
MARTES,13:30-14:20,3°J,MÓNICA GEORGINA COLIN SILVA,MOD II SUB II (T)
MIERCOLES,13:30-14:20,3°J,SERGIO ARANDA PÉREZ,PENS. MAT. III
JUEVES,13:30-14:20,3°J,MÓNICA GEORGINA COLIN SILVA,MOD II SUB II
VIERNES,13:30-14:20,3°J,DRA INOCENCIA JESÚS CONTRERAS GUTIÉRREZ,CNEYT III
LUNES,14:20-15:10,3°J,SERGIO ARANDA PÉREZ,PENS. MAT. III
MARTES,14:20-15:10,3°J,MÓNICA GEORGINA COLIN SILVA,MOD II SUB II (T)
MIERCOLES,14:20-15:10,3°J,SERGIO ARANDA PÉREZ,PENS. MAT. III
JUEVES,14:20-15:10,3°J,MÓNICA GEORGINA COLIN SILVA,MOD II SUB II
VIERNES,14:20-15:10,3°J,DRA INOCENCIA JESÚS CONTRERAS GUTIÉRREZ,CNEYT III
LUNES,15:10- 15:30,3°J,SIN ASIGNAR,R        E        C        E       S       O
LUNES,15:30-16:20,3°J,MARIELA JIMÉNEZ SANTANDER,HUMANIDADES II
MARTES,15:30-16:20,3°J,DRA INOCENCIA JESÚS CONTRERAS GUTIÉRREZ,CNEYT III
MIERCOLES,15:30-16:20,3°J,MARIELA JIMÉNEZ SANTANDER,HUMANIDADES II
JUEVES,15:30-16:20,3°J,SERGIO ARANDA PÉREZ,PENS. MAT. III
VIERNES,15:30-16:20,3°J,MÓNICA GEORGINA COLIN SILVA,MOD II SUB II (T)
LUNES,16:20-17:10,3°J,MARIELA JIMÉNEZ SANTANDER,HUMANIDADES II
MARTES,16:20-17:10,3°J,MELINA YAMILETH VICENTE HERNÁNDEZ,INGLÉS III
MIERCOLES,16:20-17:10,3°J,MARIELA JIMÉNEZ SANTANDER,HUMANIDADES II
JUEVES,16:20-17:10,3°J,DRA INOCENCIA JESÚS CONTRERAS GUTIÉRREZ,CNEYT III
VIERNES,16:20-17:10,3°J,MÓNICA GEORGINA COLIN SILVA,MOD II SUB II (T)
LUNES,17:10-18:00,3°J,CARMEN IVONE RAMOS SUÁREZ,LENGUA Y COM. III
MARTES,17:10-18:00,3°J,CARMEN IVONE RAMOS SUÁREZ,LENGUA Y COM. III
MIERCOLES,17:10-18:00,3°J,MELINA YAMILETH VICENTE HERNÁNDEZ,INGLÉS III
JUEVES,17:10-18:00,3°J,CLAUDIA ELENA AZOTLA DEHESA,MOD II SUB III(T)
VIERNES,17:10-18:00,3°J,GUADALUPE JIMÉNEZ SÁNCHEZ,FSE
LUNES,18:00-18:50,3°J,CLAUDIA ELENA AZOTLA DEHESA,MOD II SUB I
MARTES,18:00-18:50,3°J,CLAUDIA ELENA AZOTLA DEHESA,MOD II SUB III
MIERCOLES,18:00-18:50,3°J,CLAUDIA ELENA AZOTLA DEHESA,MOD II  SUB I
JUEVES,18:00-18:50,3°J,CLAUDIA ELENA AZOTLA DEHESA,MOD II SUB III(T)
VIERNES,18:00-18:50,3°J,MELINA YAMILETH VICENTE HERNÁNDEZ,INGLÉS III
LUNES,18:50-19:40,3°J,CLAUDIA ELENA AZOTLA DEHESA,MOD II SUB III
MARTES,18:50-19:40,3°J,CLAUDIA ELENA AZOTLA DEHESA,MOD II SUB I
MIERCOLES,18:50-19:40,3°J,CLAUDIA ELENA AZOTLA DEHESA,MOD II SUB III(T)
JUEVES,18:50-19:40,3°J,CLAUDIA ELENA AZOTLA DEHESA,MOD II SUB I
VIERNES,18:50-19:40,3°J,CARMEN IVONE RAMOS SUÁREZ,LENGUA Y COM. III
LUNES,19:40-20:30,3°J,CLAUDIA ELENA AZOTLA DEHESA,MOD II SUB III(T)
MARTES,19:40-20:30,3°J,CLAUDIA ELENA AZOTLA DEHESA,MOD II SUB I
LUNES,13:30-14:20,3°N,SALMA ROXANA DE MARÍA CHIQUITO ALOR,MOD II SUB II (SALA 3)
MARTES,13:30-14:20,3°N,MARIELA JIMÉNEZ SANTANDER,HUMANIDADES II
MIERCOLES,13:30-14:20,3°N,DRA INOCENCIA JESÚS CONTRERAS GUTIÉRREZ,CNEYT III
JUEVES,13:30-14:20,3°N,SERGIO ARANDA PÉREZ,PENS. MAT. III
VIERNES,13:30-14:20,3°N,SERGIO ARANDA PÉREZ,PENS. MAT. III
LUNES,14:20-15:10,3°N,SALMA ROXANA DE MARÍA CHIQUITO ALOR,MOD II SUB II (SALA 3)
MARTES,14:20-15:10,3°N,MARIELA JIMÉNEZ SANTANDER,HUMANIDADES II
MIERCOLES,14:20-15:10,3°N,DRA INOCENCIA JESÚS CONTRERAS GUTIÉRREZ,CNEYT III
JUEVES,14:20-15:10,3°N,SERGIO ARANDA PÉREZ,PENS. MAT. III
VIERNES,14:20-15:10,3°N,SERGIO ARANDA PÉREZ,PENS. MAT. III
LUNES,15:10- 15:30,3°N,SIN ASIGNAR,R        E        C        E       S       O
LUNES,15:30-16:20,3°N,DRA INOCENCIA JESÚS CONTRERAS GUTIÉRREZ,CNEYT III
MARTES,15:30-16:20,3°N,SALMA ROXANA DE MARÍA CHIQUITO ALOR,MOD II SUB II (SALA 3)
MIERCOLES,15:30-16:20,3°N,CARMEN IVONE RAMOS SUÁREZ,LENGUA Y COM. III
JUEVES,15:30-16:20,3°N,SALMA ROXANA DE MARÍA CHIQUITO ALOR,MOD II SUB II (SALA 3)
VIERNES,15:30-16:20,3°N,DRA ESTELA CUENCA ÁLVAREZ,MOD II SUB III (SALA 1)
LUNES,16:20-17:10,3°N,DRA INOCENCIA JESÚS CONTRERAS GUTIÉRREZ,CNEYT III
MARTES,16:20-17:10,3°N,SALMA ROXANA DE MARÍA CHIQUITO ALOR,MOD II SUB II (SALA 3)
MIERCOLES,16:20-17:10,3°N,CARMEN IVONE RAMOS SUÁREZ,LENGUA Y COM. III
JUEVES,16:20-17:10,3°N,CARMEN IVONE RAMOS SUÁREZ,LENGUA Y COM. III
VIERNES,16:20-17:10,3°N,DRA ESTELA CUENCA ÁLVAREZ,MOD II SUB III (SALA 1)
LUNES,17:10-18:00,3°N,DRA ESTELA CUENCA ÁLVAREZ,MOD II SUB I (SALA 1)
MARTES,17:10-18:00,3°N,DRA ESTELA CUENCA ÁLVAREZ,MOD II SUB I (SALA 1)
MIERCOLES,17:10-18:00,3°N,DRA ESTELA CUENCA ÁLVAREZ,MOD II SUB III (SALA 1)
JUEVES,17:10-18:00,3°N,DRA ESTELA CUENCA ÁLVAREZ,MOD II SUB I (SALA 1)
VIERNES,17:10-18:00,3°N,SALMA ROXANA DE MARÍA CHIQUITO ALOR,MOD II SUB II (SALA 3)
LUNES,18:00-18:50,3°N,DRA ESTELA CUENCA ÁLVAREZ,FSE
MARTES,18:00-18:50,3°N,DRA ESTELA CUENCA ÁLVAREZ,MOD II SUB I (SALA 1)
MIERCOLES,18:00-18:50,3°N,DRA ESTELA CUENCA ÁLVAREZ,MOD II SUB III (SALA 1)
JUEVES,18:00-18:50,3°N,DRA ESTELA CUENCA ÁLVAREZ,MOD II SUB I (SALA 1)
LUNES,18:50-19:40,3°N,MELINA YAMILETH VICENTE HERNÁNDEZ,INGLÉS III
MARTES,18:50-19:40,3°N,MELINA YAMILETH VICENTE HERNÁNDEZ,INGLÉS III
MIERCOLES,18:50-19:40,3°N,MARIELA JIMÉNEZ SANTANDER,HUMANIDADES II
JUEVES,18:50-19:40,3°N,MARIELA JIMÉNEZ SANTANDER,HUMANIDADES II
MARTES,19:40-20:30,3°N,MELINA YAMILETH VICENTE HERNÁNDEZ,INGLÉS III
LUNES,13:30-14:20,3°O,DRA INOCENCIA JESÚS CONTRERAS GUTIÉRREZ,CNEYT III
MARTES,13:30-14:20,3°O,JUANA CARRILLO LORENZO,MOD II SUB I (SALA 2)
MIERCOLES,13:30-14:20,3°O,JUANA CARRILLO LORENZO,MOD II SUB I (SALA 2)
VIERNES,13:30-14:20,3°O,SALMA ROXANA DE MARÍA CHIQUITO ALOR,MOD II SUB II (SALA 3)
LUNES,14:20-15:10,3°O,DRA INOCENCIA JESÚS CONTRERAS GUTIÉRREZ,CNEYT III
MARTES,14:20-15:10,3°O,JUANA CARRILLO LORENZO,MOD II SUB I (SALA 2)
MIERCOLES,14:20-15:10,3°O,JUANA CARRILLO LORENZO,MOD II SUB I (SALA 2)
JUEVES,14:20-15:10,3°O,JUANA CARRILLO LORENZO,MOD II SUB I (SALA 2)
VIERNES,14:20-15:10,3°O,SALMA ROXANA DE MARÍA CHIQUITO ALOR,MOD II SUB II (SALA 3)
LUNES,15:10- 15:30,3°O,SIN ASIGNAR,R        E        C        E       S       O
LUNES,15:30-16:20,3°O,EDUARDO MORÁN URCELAY,PENS. MAT. III
MARTES,15:30-16:20,3°O,EDUARDO MORÁN URCELAY,PENS. MAT. III
MIERCOLES,15:30-16:20,3°O,EDUARDO MORÁN URCELAY,PENS. MAT. III
JUEVES,15:30-16:20,3°O,MELINA YAMILETH VICENTE HERNÁNDEZ,INGLÉS III
VIERNES,15:30-16:20,3°O,EDUARDO MORÁN URCELAY,PENS. MAT. III
LUNES,16:20-17:10,3°O,CARMEN IVONE RAMOS SUÁREZ,LENGUA Y COM. III
MARTES,16:20-17:10,3°O,DRA INOCENCIA JESÚS CONTRERAS GUTIÉRREZ,CNEYT III
MIERCOLES,16:20-17:10,3°O,MELINA YAMILETH VICENTE HERNÁNDEZ,INGLÉS III
JUEVES,16:20-17:10,3°O,SALMA ROXANA DE MARÍA CHIQUITO ALOR,MOD II SUB II (SALA 3)
VIERNES,16:20-17:10,3°O,DRA INOCENCIA JESÚS CONTRERAS GUTIÉRREZ,CNEYT III
LUNES,17:10-18:00,3°O,MARIELA JIMÉNEZ SANTANDER,FSE
MARTES,17:10-18:00,3°O,MELINA YAMILETH VICENTE HERNÁNDEZ,INGLÉS III
MIERCOLES,17:10-18:00,3°O,CARMEN IVONE RAMOS SUÁREZ,LENGUA Y COM. III
JUEVES,17:10-18:00,3°O,SALMA ROXANA DE MARÍA CHIQUITO ALOR,MOD II SUB II (SALA 3)
VIERNES,17:10-18:00,3°O,CARMEN IVONE RAMOS SUÁREZ,LENGUA Y COM. III
LUNES,18:00-18:50,3°O,ARTURO ESCOBAR GARCÍA,MOD II SUB III (SALA 1)
MARTES,18:00-18:50,3°O,MARIELA JIMÉNEZ SANTANDER,HUMANIDADES II
MIERCOLES,18:00-18:50,3°O,SALMA ROXANA DE MARÍA CHIQUITO ALOR,MOD II SUB II (SALA 3)
JUEVES,18:00-18:50,3°O,ARTURO ESCOBAR GARCÍA,MOD II SUB III (SALA 2)
VIERNES,18:00-18:50,3°O,MARIELA JIMÉNEZ SANTANDER,HUMANIDADES II
LUNES,18:50-19:40,3°O,ARTURO ESCOBAR GARCÍA,MOD II SUB III (SALA 1)
MARTES,18:50-19:40,3°O,MARIELA JIMÉNEZ SANTANDER,HUMANIDADES II
MIERCOLES,18:50-19:40,3°O,SALMA ROXANA DE MARÍA CHIQUITO ALOR,MOD II SUB II (SALA 3)
JUEVES,18:50-19:40,3°O,ARTURO ESCOBAR GARCÍA,MOD II SUB III (SALA 2)
VIERNES,18:50-19:40,3°O,MARIELA JIMÉNEZ SANTANDER,HUMANIDADES II
LUNES,13:30-14:20,3°Q,GISELA MORALES MARTÍNEZ,FSE
MARTES,13:30-14:20,3°Q,DRA INOCENCIA JESÚS CONTRERAS GUTIÉRREZ,CNEYT III
MIERCOLES,13:30-14:20,3°Q,CARMEN IVONE RAMOS SUÁREZ,LENGUA Y COM. III
JUEVES,13:30-14:20,3°Q,DRA INOCENCIA JESÚS CONTRERAS GUTIÉRREZ,CNEYT III
VIERNES,13:30-14:20,3°Q,CARMEN IVONE RAMOS SUÁREZ,LENGUA Y COM. III
LUNES,14:20-15:10,3°Q,EDUARDO MORÁN URCELAY,PENS. MAT. III
MARTES,14:20-15:10,3°Q,DRA INOCENCIA JESÚS CONTRERAS GUTIÉRREZ,CNEYT III
MIERCOLES,14:20-15:10,3°Q,EDUARDO MORÁN URCELAY,PENS. MAT. III
JUEVES,14:20-15:10,3°Q,DRA INOCENCIA JESÚS CONTRERAS GUTIÉRREZ,CNEYT III
VIERNES,14:20-15:10,3°Q,DR CANCINO NOLASCO CARLOS FERNANDO,MOD II SUB I (T)
LUNES,15:10- 15:30,3°Q,SIN ASIGNAR,R        E        C        E       S       O
LUNES,15:30-16:20,3°Q,CECILIA ALEJANDRA MARTÍNEZ OLMOS,INGLÉS III
MARTES,15:30-16:20,3°Q,SANTIAGO LOPEZ FIDEL,MOD II SUB II
MIERCOLES,15:30-16:20,3°Q,SANTIAGO LOPEZ FIDEL,MOD II SUB II (T)
JUEVES,15:30-16:20,3°Q,CECILIA ALEJANDRA MARTÍNEZ OLMOS,INGLÉS III
VIERNES,15:30-16:20,3°Q,CECILIA ALEJANDRA MARTÍNEZ OLMOS,INGLÉS III
LUNES,16:20-17:10,3°Q,SANTIAGO LOPEZ FIDEL,MOD II SUB II (T)
MARTES,16:20-17:10,3°Q,SANTIAGO LOPEZ FIDEL,MOD II SUB II (T)
MIERCOLES,16:20-17:10,3°Q,SANTIAGO LOPEZ FIDEL,MOD II SUB II (T)
JUEVES,16:20-17:10,3°Q,SANTIAGO LOPEZ FIDEL,MOD II SUB II (T)
VIERNES,16:20-17:10,3°Q,EDUARDO MORÁN URCELAY,PENS. MAT. III
LUNES,17:10-18:00,3°Q,SANTIAGO LOPEZ FIDEL,MOD II SUB II (T)
MARTES,17:10-18:00,3°Q,MARIELA JIMÉNEZ SANTANDER,HUMANIDADES II
MIERCOLES,17:10-18:00,3°Q,MARIELA JIMÉNEZ SANTANDER,HUMANIDADES II
JUEVES,17:10-18:00,3°Q,SANTIAGO LOPEZ FIDEL,MOD II SUB II (T)
VIERNES,17:10-18:00,3°Q,MARIELA JIMÉNEZ SANTANDER,HUMANIDADES II
LUNES,18:00-18:50,3°Q,DR CANCINO NOLASCO CARLOS FERNANDO,MOD II SUB I
MARTES,18:00-18:50,3°Q,DR CANCINO NOLASCO CARLOS FERNANDO,MOD II SUB I (T)
MIERCOLES,18:00-18:50,3°Q,MARIELA JIMÉNEZ SANTANDER,HUMANIDADES II
JUEVES,18:00-18:50,3°Q,EDUARDO MORÁN URCELAY,PENS. MAT. III
VIERNES,18:00-18:50,3°Q,SANTIAGO LOPEZ FIDEL,MOD II SUB II (T)
LUNES,18:50-19:40,3°Q,DR CANCINO NOLASCO CARLOS FERNANDO,MOD II SUB I
MARTES,18:50-19:40,3°Q,DR CANCINO NOLASCO CARLOS FERNANDO,MOD II SUB I (T)
MIERCOLES,18:50-19:40,3°Q,DR CANCINO NOLASCO CARLOS FERNANDO,MOD II SUB I (T)
MARTES,19:40-20:30,3°Q,CARMEN IVONE RAMOS SUÁREZ,LENGUA Y COM. III
MARTES,13:30-14:20,5°D,SIN ASIGNAR,CNEYT V
MIERCOLES,13:30-14:20,5°D,SIN ASIGNAR,INGLÉS V
JUEVES,13:30-14:20,5°D,SIN ASIGNAR,CONC. HIST. II
LUNES,14:20-15:10,5°D,SIN ASIGNAR,INGLÉS V
MARTES,14:20-15:10,5°D,SIN ASIGNAR,INGLÉS V
MIERCOLES,14:20-15:10,5°D,SIN ASIGNAR,INGLÉS V
JUEVES,14:20-15:10,5°D,SIN ASIGNAR,CONC. HIST. II
VIERNES,14:20-15:10,5°D,SIN ASIGNAR,INGLÉS V
LUNES,15:10- 15:30,5°D,SIN ASIGNAR,R        E        C        E       S       O
LUNES,15:30-16:20,5°D,SIN ASIGNAR,CONC. HIST. II
MARTES,15:30-16:20,5°D,SIN ASIGNAR,MOD IV SUB II
MIERCOLES,15:30-16:20,5°D,SIN ASIGNAR,MOD IV SUB I
JUEVES,15:30-16:20,5°D,SIN ASIGNAR,TSM II
VIERNES,15:30-16:20,5°D,SIN ASIGNAR,MOD IV SUB II
LUNES,16:20-17:10,5°D,SIN ASIGNAR,TUTORÍA
MARTES,16:20-17:10,5°D,SIN ASIGNAR,ECONOMÍA
MIERCOLES,16:20-17:10,5°D,SIN ASIGNAR,ECONOMÍA
JUEVES,16:20-17:10,5°D,SIN ASIGNAR,CNEYT V
VIERNES,16:20-17:10,5°D,SIN ASIGNAR,MOD IV SUB I
LUNES,17:10-18:00,5°D,SIN ASIGNAR,MOD IV SUB I
MARTES,17:10-18:00,5°D,SIN ASIGNAR,MOD IV SUB I
MIERCOLES,17:10-18:00,5°D,SIN ASIGNAR,MOD IV SUB II
JUEVES,17:10-18:00,5°D,SIN ASIGNAR,MOD IV SUB I
VIERNES,17:10-18:00,5°D,SIN ASIGNAR,MOD IV SUB I
LUNES,18:00-18:50,5°D,SIN ASIGNAR,CNEYT V
MARTES,18:00-18:50,5°D,SIN ASIGNAR,TSM II
MIERCOLES,18:00-18:50,5°D,SIN ASIGNAR,MOD IV SUB I
JUEVES,18:00-18:50,5°D,SIN ASIGNAR,MOD IV SUB II
VIERNES,18:00-18:50,5°D,SIN ASIGNAR,ECONOMÍA
LUNES,18:50-19:40,5°D,SIN ASIGNAR,CNEYT V
MARTES,18:50-19:40,5°D,SIN ASIGNAR,TSM II
MIERCOLES,18:50-19:40,5°D,SIN ASIGNAR,TSM II
JUEVES,18:50-19:40,5°D,SIN ASIGNAR,TSM II
VIERNES,18:50-19:40,5°D,SIN ASIGNAR,FSE
LUNES,19:40-20:30,5°D,SIN ASIGNAR,MOD IV SUB II
LUNES,13:30-14:20,5°E,SIN ASIGNAR,TSM II
MARTES,13:30-14:20,5°E,SIN ASIGNAR,TSM II
MIERCOLES,13:30-14:20,5°E,SIN ASIGNAR,CONC. HIST. II
JUEVES,13:30-14:20,5°E,SIN ASIGNAR,CNEYT V
VIERNES,13:30-14:20,5°E,SIN ASIGNAR,TSM II
LUNES,14:20-15:10,5°E,SIN ASIGNAR,CONC. HIST. II
MARTES,14:20-15:10,5°E,SIN ASIGNAR,TSM II
MIERCOLES,14:20-15:10,5°E,SIN ASIGNAR,CONC. HIST. II
JUEVES,14:20-15:10,5°E,SIN ASIGNAR,CNEYT V
VIERNES,14:20-15:10,5°E,SIN ASIGNAR,TSM II
LUNES,15:10- 15:30,5°E,SIN ASIGNAR,R        E        C        E       S       O
LUNES,15:30-16:20,5°E,SIN ASIGNAR,INGLÉS V
MARTES,15:30-16:20,5°E,SIN ASIGNAR,INGLÉS V
MIERCOLES,15:30-16:20,5°E,SIN ASIGNAR,INGLÉS V
JUEVES,15:30-16:20,5°E,SIN ASIGNAR,INGLÉS V
VIERNES,15:30-16:20,5°E,SIN ASIGNAR,INGLÉS V
LUNES,16:20-17:10,5°E,SIN ASIGNAR,MOD IV SUB II
MARTES,16:20-17:10,5°E,SIN ASIGNAR,MOD IV SUB II
MIERCOLES,16:20-17:10,5°E,SIN ASIGNAR,MOD IV SUB II
JUEVES,16:20-17:10,5°E,SIN ASIGNAR,ECONOMÍA
VIERNES,16:20-17:10,5°E,SIN ASIGNAR,MOD IV SUB II
LUNES,17:10-18:00,5°E,SIN ASIGNAR,ECONOMÍA
MARTES,17:10-18:00,5°E,SIN ASIGNAR,ECONOMÍA
MIERCOLES,17:10-18:00,5°E,SIN ASIGNAR,FSE
JUEVES,17:10-18:00,5°E,SIN ASIGNAR,MOD IV SUB II
VIERNES,17:10-18:00,5°E,SIN ASIGNAR,TUTORÍA
LUNES,18:00-18:50,5°E,SIN ASIGNAR,MOD IV SUB I
MARTES,18:00-18:50,5°E,SIN ASIGNAR,MOD IV SUB I
MIERCOLES,18:00-18:50,5°E,SIN ASIGNAR,CNEYT V
JUEVES,18:00-18:50,5°E,SIN ASIGNAR,MOD IV SUB I
VIERNES,18:00-18:50,5°E,SIN ASIGNAR,MOD IV SUB I
LUNES,18:50-19:40,5°E,SIN ASIGNAR,MOD IV SUB I
MARTES,18:50-19:40,5°E,SIN ASIGNAR,MOD IV SUB I
MIERCOLES,18:50-19:40,5°E,SIN ASIGNAR,CNEYT V
JUEVES,18:50-19:40,5°E,SIN ASIGNAR,MOD IV SUB I
LUNES,13:30-14:20,5°F,SIN ASIGNAR,MOD IV SUB I
MARTES,13:30-14:20,5°F,SIN ASIGNAR,MOD IV SUB I
MIERCOLES,13:30-14:20,5°F,SIN ASIGNAR,TSM II
JUEVES,13:30-14:20,5°F,SIN ASIGNAR,TSM II
VIERNES,13:30-14:20,5°F,SIN ASIGNAR,MOD IV SUB I
LUNES,14:20-15:10,5°F,SIN ASIGNAR,MOD IV SUB I
MARTES,14:20-15:10,5°F,SIN ASIGNAR,MOD IV SUB II
MIERCOLES,14:20-15:10,5°F,SIN ASIGNAR,MOD IV SUB I
JUEVES,14:20-15:10,5°F,SIN ASIGNAR,TSM II
VIERNES,14:20-15:10,5°F,SIN ASIGNAR,MOD IV SUB II
LUNES,15:10- 15:30,5°F,SIN ASIGNAR,R        E        C        E       S       O
LUNES,15:30-16:20,5°F,SIN ASIGNAR,ECONOMÍA
MARTES,15:30-16:20,5°F,SIN ASIGNAR,CONC. HIST. II
MIERCOLES,15:30-16:20,5°F,SIN ASIGNAR,CONC. HIST. II
JUEVES,15:30-16:20,5°F,SIN ASIGNAR,ECONOMÍA
VIERNES,15:30-16:20,5°F,SIN ASIGNAR,ECONOMÍA
LUNES,16:20-17:10,5°F,SIN ASIGNAR,INGLÉS V
MARTES,16:20-17:10,5°F,SIN ASIGNAR,CONC. HIST. II
MIERCOLES,16:20-17:10,5°F,SIN ASIGNAR,CNEYT V
JUEVES,16:20-17:10,5°F,SIN ASIGNAR,INGLÉS V
VIERNES,16:20-17:10,5°F,SIN ASIGNAR,INGLÉS V
LUNES,17:10-18:00,5°F,SIN ASIGNAR,TSM II
MARTES,17:10-18:00,5°F,SIN ASIGNAR,TSM II
MIERCOLES,17:10-18:00,5°F,SIN ASIGNAR,CNEYT V
JUEVES,17:10-18:00,5°F,SIN ASIGNAR,INGLÉS V
VIERNES,17:10-18:00,5°F,SIN ASIGNAR,INGLÉS V
LUNES,18:00-18:50,5°F,SIN ASIGNAR,MOD IV SUB II
MARTES,18:00-18:50,5°F,SIN ASIGNAR,CNEYT V
MIERCOLES,18:00-18:50,5°F,SIN ASIGNAR,MOD IV SUB II
JUEVES,18:00-18:50,5°F,SIN ASIGNAR,MOD IV SUB I
LUNES,18:50-19:40,5°F,SIN ASIGNAR,MOD IV SUB II
MARTES,18:50-19:40,5°F,SIN ASIGNAR,CNEYT V
MIERCOLES,18:50-19:40,5°F,SIN ASIGNAR,FSE
JUEVES,18:50-19:40,5°F,SIN ASIGNAR,MOD IV SUB I
MIERCOLES,19:40-20:30,5°F,SIN ASIGNAR,TUTORIA
LUNES,13:30-14:20,5°I,SIN ASIGNAR,CONC. HIST. II
MARTES,13:30-14:20,5°I,SIN ASIGNAR,MOD IV SUB II
MIERCOLES,13:30-14:20,5°I,SIN ASIGNAR,MOD IV SUB II
JUEVES,13:30-14:20,5°I,SIN ASIGNAR,MOD IV SUB II (T)
LUNES,14:20-15:10,5°I,SIN ASIGNAR,TSM II
MARTES,14:20-15:10,5°I,SIN ASIGNAR,MOD IV SUB II
MIERCOLES,14:20-15:10,5°I,SIN ASIGNAR,MOD IV SUB II
JUEVES,14:20-15:10,5°I,SIN ASIGNAR,MOD IV SUB II (T)
VIERNES,14:20-15:10,5°I,SIN ASIGNAR,CONC. HIST. II
LUNES,15:10- 15:30,5°I,SIN ASIGNAR,R        E        C        E       S       O
LUNES,15:30-16:20,5°I,SIN ASIGNAR,TSM II
MARTES,15:30-16:20,5°I,SIN ASIGNAR,MAT. Y ENERG.
MIERCOLES,15:30-16:20,5°I,SIN ASIGNAR,TSM II
JUEVES,15:30-16:20,5°I,SIN ASIGNAR,TSM II
VIERNES,15:30-16:20,5°I,SIN ASIGNAR,CONC. HIST. II
LUNES,16:20-17:10,5°I,SIN ASIGNAR,INGLÉS V
MARTES,16:20-17:10,5°I,SIN ASIGNAR,CNEYT V
MIERCOLES,16:20-17:10,5°I,SIN ASIGNAR,FSE
JUEVES,16:20-17:10,5°I,SIN ASIGNAR,TSM II
VIERNES,16:20-17:10,5°I,SIN ASIGNAR,INGLÉS V
LUNES,17:10-18:00,5°I,SIN ASIGNAR,INGLÉS V
MARTES,17:10-18:00,5°I,SIN ASIGNAR,CNEYT V
MIERCOLES,17:10-18:00,5°I,SIN ASIGNAR,TUTORIA
JUEVES,17:10-18:00,5°I,SIN ASIGNAR,INGLÉS V
VIERNES,17:10-18:00,5°I,SIN ASIGNAR,INGLÉS V
LUNES,18:00-18:50,5°I,SIN ASIGNAR,MOD IV SUB I
MARTES,18:00-18:50,5°I,SIN ASIGNAR,MOD IV SUB I (T)
MIERCOLES,18:00-18:50,5°I,SIN ASIGNAR,MAT. Y ENERG.
JUEVES,18:00-18:50,5°I,SIN ASIGNAR,CNEYT V
VIERNES,18:00-18:50,5°I,SIN ASIGNAR,MOD IV SUB I (T)
LUNES,18:50-19:40,5°I,SIN ASIGNAR,MOD IV SUB I
MARTES,18:50-19:40,5°I,SIN ASIGNAR,MOD IV SUB I (T)
MIERCOLES,18:50-19:40,5°I,SIN ASIGNAR,MAT. Y ENERG.
JUEVES,18:50-19:40,5°I,SIN ASIGNAR,CNEYT V
VIERNES,18:50-19:40,5°I,SIN ASIGNAR,MOD IV SUB I (T)
LUNES,13:30-14:20,5°J,SIN ASIGNAR,MOD IV SUB II
MIERCOLES,13:30-14:20,5°J,SIN ASIGNAR,INGLÉS V
JUEVES,13:30-14:20,5°J,SIN ASIGNAR,INGLÉS V
VIERNES,13:30-14:20,5°J,SIN ASIGNAR,MOD IV SUB II (T)
LUNES,14:20-15:10,5°J,SIN ASIGNAR,MOD IV SUB II
MARTES,14:20-15:10,5°J,SIN ASIGNAR,CONC. HIST. II
MIERCOLES,14:20-15:10,5°J,SIN ASIGNAR,INGLÉS V
JUEVES,14:20-15:10,5°J,SIN ASIGNAR,INGLÉS V
VIERNES,14:20-15:10,5°J,SIN ASIGNAR,MOD IV SUB II (T)
LUNES,15:10- 15:30,5°J,SIN ASIGNAR,R        E        C        E       S       O
LUNES,15:30-16:20,5°J,SIN ASIGNAR,FSE
MARTES,15:30-16:20,5°J,SIN ASIGNAR,MOD IV SUB II
MIERCOLES,15:30-16:20,5°J,SIN ASIGNAR,MOD IV SUB II
JUEVES,15:30-16:20,5°J,SIN ASIGNAR,CONC. HIST. II
VIERNES,15:30-16:20,5°J,SIN ASIGNAR,CNEYT V
LUNES,16:20-17:10,5°J,SIN ASIGNAR,CNEYT V
MARTES,16:20-17:10,5°J,SIN ASIGNAR,INGLÉS V
MIERCOLES,16:20-17:10,5°J,SIN ASIGNAR,TSM II
JUEVES,16:20-17:10,5°J,SIN ASIGNAR,CONC. HIST. II
VIERNES,16:20-17:10,5°J,SIN ASIGNAR,CNEYT V
LUNES,17:10-18:00,5°J,SIN ASIGNAR,CNEYT V
MARTES,17:10-18:00,5°J,SIN ASIGNAR,TSM II
MIERCOLES,17:10-18:00,5°J,SIN ASIGNAR,TSM II
JUEVES,17:10-18:00,5°J,SIN ASIGNAR,MAT. Y ENERG.
VIERNES,17:10-18:00,5°J,SIN ASIGNAR,TSM II
LUNES,18:00-18:50,5°J,SIN ASIGNAR,MOD IV SUB I (T)
MARTES,18:00-18:50,5°J,SIN ASIGNAR,MAT. Y ENERG.
MIERCOLES,18:00-18:50,5°J,SIN ASIGNAR,MOD IV SUB I
JUEVES,18:00-18:50,5°J,SIN ASIGNAR,TSM II
LUNES,18:50-19:40,5°J,SIN ASIGNAR,MOD IV SUB I (T)
MARTES,18:50-19:40,5°J,SIN ASIGNAR,MAT. Y ENERG.
MIERCOLES,18:50-19:40,5°J,SIN ASIGNAR,MOD IV SUB I
JUEVES,18:50-19:40,5°J,SIN ASIGNAR,MOD IV SUB I (T)
LUNES,19:40-20:30,5°J,SIN ASIGNAR,TUTORÍA
JUEVES,19:40-20:30,5°J,SIN ASIGNAR,MOD IV SUB I (T)
LUNES,13:30-14:20,5°N,SIN ASIGNAR,CNEYT V
MARTES,13:30-14:20,5°N,SIN ASIGNAR,TSM II
MIERCOLES,13:30-14:20,5°N,SIN ASIGNAR,MOD IV SUB II (SALA 3)
JUEVES,13:30-14:20,5°N,SIN ASIGNAR,MOD IV SUB II (SALA 3)
VIERNES,13:30-14:20,5°N,SIN ASIGNAR,TSM II
LUNES,14:20-15:10,5°N,SIN ASIGNAR,CNEYT V
MARTES,14:20-15:10,5°N,SIN ASIGNAR,TSM II
MIERCOLES,14:20-15:10,5°N,SIN ASIGNAR,MOD IV SUB II (SALA 3)
JUEVES,14:20-15:10,5°N,SIN ASIGNAR,MOD IV SUB II (SALA 3)
VIERNES,14:20-15:10,5°N,SIN ASIGNAR,TSM II
LUNES,15:10- 15:30,5°N,SIN ASIGNAR,R        E        C        E       S       O
LUNES,15:30-16:20,5°N,SIN ASIGNAR,TSM II
MARTES,15:30-16:20,5°N,SIN ASIGNAR,ECONOMÍA
MIERCOLES,15:30-16:20,5°N,SIN ASIGNAR,FSE
JUEVES,15:30-16:20,5°N,SIN ASIGNAR,MOD IV SUB I (SALA 2)
VIERNES,15:30-16:20,5°N,SIN ASIGNAR,MOD IV SUB I (SALA 2)
LUNES,16:20-17:10,5°N,SIN ASIGNAR,ECONOMÍA
MARTES,16:20-17:10,5°N,SIN ASIGNAR,INGLÉS V
MIERCOLES,16:20-17:10,5°N,SIN ASIGNAR,TUTORÍA
JUEVES,16:20-17:10,5°N,SIN ASIGNAR,MOD IV SUB I (SALA 2)
VIERNES,16:20-17:10,5°N,SIN ASIGNAR,MOD IV SUB I (SALA 2)
LUNES,17:10-18:00,5°N,SIN ASIGNAR,INGLÉS V
MARTES,17:10-18:00,5°N,SIN ASIGNAR,INGLÉS V
MIERCOLES,17:10-18:00,5°N,SIN ASIGNAR,CONC. HIST. II
JUEVES,17:10-18:00,5°N,SIN ASIGNAR,CONC. HIST. II
VIERNES,17:10-18:00,5°N,SIN ASIGNAR,CNEYT V
LUNES,18:00-18:50,5°N,SIN ASIGNAR,MOD IV SUB II (SALA 3)
MARTES,18:00-18:50,5°N,SIN ASIGNAR,MOD IV SUB II (SALA 3)
MIERCOLES,18:00-18:50,5°N,SIN ASIGNAR,CONC. HIST. II
JUEVES,18:00-18:50,5°N,SIN ASIGNAR,ECONOMÍA
VIERNES,18:00-18:50,5°N,SIN ASIGNAR,CNEYT V
LUNES,18:50-19:40,5°N,SIN ASIGNAR,MOD IV SUB II (SALA 3)
MARTES,18:50-19:40,5°N,SIN ASIGNAR,MOD IV SUB II (SALA 3)
JUEVES,18:50-19:40,5°N,SIN ASIGNAR,INGLÉS V
JUEVES,19:40-20:30,5°N,SIN ASIGNAR,INGLÉS V
LUNES,13:30-14:20,5°O,SIN ASIGNAR,TSM II
MARTES,13:30-14:20,5°O,SIN ASIGNAR,MOD IV SUB II (SALA 3)
MIERCOLES,13:30-14:20,5°O,SIN ASIGNAR,CNEYT V
JUEVES,13:30-14:20,5°O,SIN ASIGNAR,TSM II
VIERNES,13:30-14:20,5°O,SIN ASIGNAR,CNEYT V
LUNES,14:20-15:10,5°O,SIN ASIGNAR,TSM II
MARTES,14:20-15:10,5°O,SIN ASIGNAR,MOD IV SUB II (SALA 3)
MIERCOLES,14:20-15:10,5°O,SIN ASIGNAR,CNEYT V
JUEVES,14:20-15:10,5°O,SIN ASIGNAR,TSM II
VIERNES,14:20-15:10,5°O,SIN ASIGNAR,CNEYT V
LUNES,15:10- 15:30,5°O,SIN ASIGNAR,R        E        C        E       S       O
LUNES,15:30-16:20,5°O,SIN ASIGNAR,MOD IV SUB II (SALA 3)
MARTES,15:30-16:20,5°O,SIN ASIGNAR,INGLÉS V
MIERCOLES,15:30-16:20,5°O,SIN ASIGNAR,MOD IV SUB II (SALA 3)
JUEVES,15:30-16:20,5°O,SIN ASIGNAR,CONC. HIST. II
VIERNES,15:30-16:20,5°O,SIN ASIGNAR,TSM II
LUNES,16:20-17:10,5°O,SIN ASIGNAR,MOD IV SUB II (SALA 3)
MARTES,16:20-17:10,5°O,SIN ASIGNAR,MOD IV SUB I (SALA 2)
MIERCOLES,16:20-17:10,5°O,SIN ASIGNAR,MOD IV SUB II (SALA 3)
JUEVES,16:20-17:10,5°O,SIN ASIGNAR,INGLÉS V
VIERNES,16:20-17:10,5°O,SIN ASIGNAR,INGLÉS V
LUNES,17:10-18:00,5°O,SIN ASIGNAR,CONC. HIST. II
MARTES,17:10-18:00,5°O,SIN ASIGNAR,MOD IV SUB I (SALA 2)
MIERCOLES,17:10-18:00,5°O,SIN ASIGNAR,ECONOMÍA
JUEVES,17:10-18:00,5°O,SIN ASIGNAR,INGLÉS V
VIERNES,17:10-18:00,5°O,SIN ASIGNAR,INGLÉS V
LUNES,18:00-18:50,5°O,SIN ASIGNAR,MOD IV SUB I (SALA 2)
MARTES,18:00-18:50,5°O,SIN ASIGNAR,CONC. HIST. II
MIERCOLES,18:00-18:50,5°O,SIN ASIGNAR,ECONOMÍA
JUEVES,18:00-18:50,5°O,SIN ASIGNAR,MOD IV SUB II (SALA 3)
VIERNES,18:00-18:50,5°O,SIN ASIGNAR,FSE
LUNES,18:50-19:40,5°O,SIN ASIGNAR,MOD IV SUB I (SALA 2)
MARTES,18:50-19:40,5°O,SIN ASIGNAR,ECONOMÍA
JUEVES,18:50-19:40,5°O,SIN ASIGNAR,MOD IV SUB II (SALA 3)
VIERNES,18:50-19:40,5°O,SIN ASIGNAR,TUTORÍA
LUNES,13:30-14:20,5°Q,SIN ASIGNAR,FSE
MARTES,13:30-14:20,5°Q,SIN ASIGNAR,CONC. HIST. II
MIERCOLES,13:30-14:20,5°Q,SIN ASIGNAR,CNEYT V
JUEVES,13:30-14:20,5°Q,SIN ASIGNAR,CONC. HIST. II
VIERNES,13:30-14:20,5°Q,SIN ASIGNAR,CNEYT V
LUNES,14:20-15:10,5°Q,SIN ASIGNAR,TUTORÍA
MARTES,14:20-15:10,5°Q,SIN ASIGNAR,MOD IV SUB II (T)
MIERCOLES,14:20-15:10,5°Q,SIN ASIGNAR,CNEYT V
JUEVES,14:20-15:10,5°Q,SIN ASIGNAR,MOD IV SUB II (T)
VIERNES,14:20-15:10,5°Q,SIN ASIGNAR,CNEYT V
LUNES,15:10- 15:30,5°Q,SIN ASIGNAR,R        E        C        E       S       O
LUNES,15:30-16:20,5°Q,SIN ASIGNAR,APM
MARTES,15:30-16:20,5°Q,SIN ASIGNAR,MOD IV SUB II (T)
MIERCOLES,15:30-16:20,5°Q,SIN ASIGNAR,INGLÉS V
JUEVES,15:30-16:20,5°Q,SIN ASIGNAR,INGLÉS V
VIERNES,15:30-16:20,5°Q,SIN ASIGNAR,MOD IV SUB II (T)
LUNES,16:20-17:10,5°Q,SIN ASIGNAR,MOD IV SUB II
MARTES,16:20-17:10,5°Q,SIN ASIGNAR,APM
MIERCOLES,16:20-17:10,5°Q,SIN ASIGNAR,INGLÉS V
JUEVES,16:20-17:10,5°Q,SIN ASIGNAR,APM
VIERNES,16:20-17:10,5°Q,SIN ASIGNAR,MOD IV SUB II (T)
LUNES,17:10-18:00,5°Q,SIN ASIGNAR,MOD IV SUB II
MARTES,17:10-18:00,5°Q,SIN ASIGNAR,CONC. HIST. II
MIERCOLES,17:10-18:00,5°Q,SIN ASIGNAR,TSM II
JUEVES,17:10-18:00,5°Q,SIN ASIGNAR,TSM II
VIERNES,17:10-18:00,5°Q,SIN ASIGNAR,TSM II
LUNES,18:00-18:50,5°Q,SIN ASIGNAR,MOD IV SUB I (T)
MARTES,18:00-18:50,5°Q,SIN ASIGNAR,INGLÉS V
MIERCOLES,18:00-18:50,5°Q,SIN ASIGNAR,TSM II
JUEVES,18:00-18:50,5°Q,SIN ASIGNAR,MOD IV SUB I (T)
VIERNES,18:00-18:50,5°Q,SIN ASIGNAR,TSM II
LUNES,18:50-19:40,5°Q,SIN ASIGNAR,MOD IV SUB I (T)
MARTES,18:50-19:40,5°Q,SIN ASIGNAR,INGLÉS V
MIERCOLES,18:50-19:40,5°Q,SIN ASIGNAR,MOD IV SUB I
JUEVES,18:50-19:40,5°Q,SIN ASIGNAR,MOD IV SUB I (T)
VIERNES,13:30-14:20,5°F (D),SIN ASIGNAR,CONC. HIST. II
VIERNES,14:20-15:10,5°F (D),SIN ASIGNAR,INGLÉS V
LUNES,15:10- 15:30,5°F (D),SIN ASIGNAR,R        E        C        E       S       O
VIERNES,15:30-16:20,5°F (D),SIN ASIGNAR,MÓDULO IV
VIERNES,16:20-17:10,5°F (D),SIN ASIGNAR,ECONOMIA
VIERNES,17:10-18:00,5°F (D),SIN ASIGNAR,CNEYT V
VIERNES,18:00-18:50,5°F (D),SIN ASIGNAR,TSM II
VIERNES,13:30-14:20,5°I (D),SIN ASIGNAR,CONC. HIST. II
VIERNES,14:20-15:10,5°I (D),SIN ASIGNAR,INGLÉS V
LUNES,15:10- 15:30,5°I (D),SIN ASIGNAR,R        E        C        E       S       O
VIERNES,15:30-16:20,5°I (D),SIN ASIGNAR,MÓDULO IV
VIERNES,16:20-17:10,5°I (D),SIN ASIGNAR,MAT. Y ENERG.
VIERNES,17:10-18:00,5°I (D),SIN ASIGNAR,CNEYT V
VIERNES,18:00-18:50,5°I (D),SIN ASIGNAR,TSM II
VIERNES,13:30-14:20,5°O (D),SIN ASIGNAR,CONC. HIST. II
VIERNES,14:20-15:10,5°O (D),SIN ASIGNAR,INGLÉS V
LUNES,15:10- 15:30,5°O (D),SIN ASIGNAR,R        E        C        E       S       O
VIERNES,15:30-16:20,5°O (D),SIN ASIGNAR,MÓDULO IV
VIERNES,16:20-17:10,5°O (D),SIN ASIGNAR,ECONOMIA
VIERNES,17:10-18:00,5°O (D),SIN ASIGNAR,CNEYT V
VIERNES,18:00-18:50,5°O (D),SIN ASIGNAR,TSM II
VIERNES,13:30-14:20,5°Q (D),SIN ASIGNAR,CONC. HIST. II
VIERNES,14:20-15:10,5°Q (D),SIN ASIGNAR,INGLÉS V
LUNES,15:10- 15:30,5°Q (D),SIN ASIGNAR,R        E        C        E       S       O
VIERNES,15:30-16:20,5°Q (D),SIN ASIGNAR,MÓDULO IV
VIERNES,16:20-17:10,5°Q (D),SIN ASIGNAR,APM
VIERNES,17:10-18:00,5°Q (D),SIN ASIGNAR,CNEYT V
VIERNES,18:00-18:50,5°Q (D),SIN ASIGNAR,TSM II
